goemotions_1,,,,,,,,,,,,,,,,,,,,,,,,,,,,,,,,,,,,
text,id,author,subreddit,link_id,parent_id,created_utc,rater_id,example_very_unclear,admiration,amusement,anger,annoyance,approval,caring,confusion,curiosity,desire,disappointment,disapproval,disgust,embarrassment,excitement,fear,gratitude,grief,joy,love,nervousness,optimism,pride,realization,relief,remorse,sadness,surprise,neutral
That game hurt.,eew5j0j,Brdd9,nrl,t3_ajis4z,t1_eew18eq,1548381039.0,1,FALSE,0,0,0,0,0,0,0,0,0,0,0,0,0,0,0,0,0,0,0,0,0,0,0,0,0,1,0,0
" >sexuality shouldn’t be a grouping category It makes you different from othet ppl so imo it fits the definition of ""grouping"" ",eemcysk,TheGreen888,unpopularopinion,t3_ai4q37,t3_ai4q37,1548084169.0,37,TRUE,0,0,0,0,0,0,0,0,0,0,0,0,0,0,0,0,0,0,0,0,0,0,0,0,0,0,0,0
"You do right, if you don't care then fuck 'em!",ed2mah1,Labalool,confessions,t3_abru74,t1_ed2m7g7,1546427744.0,37,FALSE,0,0,0,0,0,0,0,0,0,0,0,0,0,0,0,0,0,0,0,0,0,0,0,0,0,0,0,1
Man I love reddit.,eeibobj,MrsRobertshaw,facepalm,t3_ahulml,t3_ahulml,1547965054.0,18,FALSE,0,0,0,0,0,0,0,0,0,0,0,0,0,0,0,0,0,0,1,0,0,0,0,0,0,0,0,0
"[NAME] was nowhere near them, he was by the Falcon. ",eda6yn6,American_Fascist713,starwarsspeculation,t3_ackt2f,t1_eda65q2,1546668601.0,2,FALSE,0,0,0,0,0,0,0,0,0,0,0,0,0,0,0,0,0,0,0,0,0,0,0,0,0,0,0,1
"Right? Considering it’s such an important document, I should know the damned thing backwards and forwards... thanks again for the help!",eespn2i,ImperialBoss,TrueReddit,t3_aizyuz,t1_eesoak0,1548280208.0,61,FALSE,0,0,0,0,0,0,0,0,0,0,0,0,0,0,0,1,0,0,0,0,0,0,0,0,0,0,0,0
"He isn't as big, but he's still quite popular. I've heard the same thing about his content. Never watched him much.",eczuekb,Rallings,cringe,t3_abeksv,t1_eczsmp8,1546320076.0,3,FALSE,0,0,0,0,0,0,0,0,0,0,1,0,0,0,0,0,0,0,0,0,0,0,0,0,0,0,0,0
that's adorable asf,ef961hv,RedRails1917,traaaaaaannnnnnnnnns,t3_akz2ia,t3_akz2ia,1548763543.0,73,FALSE,0,1,0,0,0,0,0,0,0,0,0,0,0,0,0,0,0,0,0,0,0,0,0,0,0,0,0,0
"""Sponge Blurb Pubs Quaw Haha GURR ha AAa!"" finale is too real",edl7cr3,Tiagulus,youtubehaiku,t3_acuvb0,t1_edc21ip,1546983514.0,54,FALSE,0,1,0,0,0,0,0,0,0,0,0,0,0,0,0,0,0,0,0,0,0,0,0,0,0,0,0,0
